seed,architecture,requests,permit_rate_pct,false_permit_rate_pct,permit_precision_pct,legitimate_denial_rate_pct,prohibited_transfer_escape_pct,blocked_prohibited_transfer_pct,mean_latency_ms,p50_latency_ms,p95_latency_ms,mean_fields_disclosed,median_fields_disclosed,receipt_coverage_pct,valid_request_share_pct,prohibited_transfer_candidates
20260817,Legacy RBAC,5000.0,82.78,77.19205298013244,29.596520898767817,0.0,100.0,0.0,1.175328390621719,1.1104383596768392,1.902714736847836,12.827755102040816,14.0,0.0,24.5,145.0
20260817,Zero-Trust ABAC,5000.0,31.84,9.721854304635762,76.94723618090453,0.0,100.0,0.0,3.8683638924791723,3.6640750350408617,6.304056674701773,12.827755102040816,14.0,0.0,24.5,145.0
20260817,AFRICA-ZT-EDU,5000.0,24.5,0.0,100.0,0.0,0.0,100.0,6.268369426485504,6.074812483695045,9.043068344027208,4.9681632653061225,4.0,100.0,24.5,145.0
20260818,Legacy RBAC,5000.0,82.5,76.72872340425532,30.060606060606062,0.0,100.0,0.0,1.1746962935710277,1.1050280384437303,1.912388215163536,12.84032258064516,14.0,0.0,24.8,138.0
20260818,Zero-Trust ABAC,5000.0,31.96,9.52127659574468,77.59699624530663,0.0,100.0,0.0,3.8691525761278114,3.6541738774563894,6.29206253458495,12.84032258064516,14.0,0.0,24.8,138.0
20260818,AFRICA-ZT-EDU,5000.0,24.8,0.026595744680851064,99.91935483870968,0.08064516129032258,0.7246376811594203,99.27536231884058,6.257921245350304,6.0546929051144325,8.99354907503079,4.955645161290323,4.0,100.0,24.8,138.0
20260819,Legacy RBAC,5000.0,82.74,77.42610515302118,28.450568044476675,0.0,100.0,0.0,1.173506801354099,1.1057164706963496,1.892909031684067,12.586236193712828,14.0,0.0,23.54,137.0
20260819,Zero-Trust ABAC,5000.0,31.44,10.332199843055193,74.87277353689568,0.0,100.0,0.0,3.8830105715776737,3.680517211930926,6.280888516612605,12.586236193712828,14.0,0.0,23.54,137.0
20260819,AFRICA-ZT-EDU,5000.0,23.48,0.0,100.0,0.2548853016142736,0.0,100.0,6.283245654805268,6.087765858219122,9.004143930223579,4.903993203058624,4.0,100.0,23.54,137.0
